,mean,sd,hdi_3%,hdi_97%,mcse_mean,mcse_sd,ess_bulk,ess_tail,r_hat
mu_alpha,0.289,0.03,0.23,0.342,0.0,0.0,7219.0,6470.0,1.0
sigma_alpha,0.142,0.026,0.093,0.191,0.0,0.0,3365.0,4995.0,1.0
mu_pressure,-0.531,0.07,-0.663,-0.401,0.001,0.001,16640.0,6441.0,1.0
sigma_pressure,0.067,0.051,0.0,0.16,0.001,0.001,5448.0,4406.0,1.0
mu_aggr,0.771,0.036,0.705,0.841,0.0,0.0,7597.0,6669.0,1.0
sigma_aggr,0.17,0.036,0.105,0.24,0.001,0.0,3338.0,4921.0,1.0
alpha_player_hier[Adrian Mannarino],0.19,0.112,-0.016,0.401,0.001,0.001,12640.0,6214.0,1.0
alpha_player_hier[Alex de Minaur],0.309,0.092,0.13,0.477,0.001,0.001,18916.0,6813.0,1.0
alpha_player_hier[Alexander Bublik],0.397,0.116,0.181,0.621,0.001,0.001,18100.0,6392.0,1.0
alpha_player_hier[Alexander Zverev],0.331,0.093,0.157,0.505,0.001,0.001,14598.0,6638.0,1.0
alpha_player_hier[Andrey Rublev],0.349,0.094,0.174,0.524,0.001,0.001,17533.0,6950.0,1.0
alpha_player_hier[Andy Murray],0.368,0.086,0.2,0.524,0.001,0.001,14970.0,6575.0,1.0
alpha_player_hier[Arthur Fils],0.095,0.131,-0.163,0.326,0.001,0.001,9624.0,6424.0,1.0
alpha_player_hier[Ben Shelton],0.253,0.124,0.023,0.488,0.001,0.002,17337.0,6142.0,1.0
alpha_player_hier[Benoit Paire],0.112,0.117,-0.102,0.34,0.001,0.001,11573.0,5656.0,1.0
alpha_player_hier[Bernard Tomic],0.209,0.118,-0.007,0.43,0.001,0.001,12439.0,6081.0,1.0
alpha_player_hier[Botic Van De Zandschulp],0.229,0.12,0.005,0.454,0.001,0.002,14933.0,6109.0,1.0
alpha_player_hier[Brandon Nakashima],0.327,0.116,0.119,0.557,0.001,0.001,17778.0,6320.0,1.0
alpha_player_hier[Cameron Norrie],0.236,0.096,0.051,0.411,0.001,0.001,14580.0,6799.0,1.0
alpha_player_hier[Carlos Alcaraz],0.464,0.076,0.315,0.601,0.001,0.001,12864.0,6884.0,1.0
alpha_player_hier[Christopher Eubanks],0.252,0.108,0.033,0.441,0.001,0.001,14828.0,6235.0,1.0
alpha_player_hier[Cristian Garin],0.202,0.094,0.029,0.384,0.001,0.001,13493.0,5810.0,1.0
alpha_player_hier[Daniel Elahi Galan],0.253,0.115,0.037,0.469,0.001,0.001,17953.0,6272.0,1.0
alpha_player_hier[Daniil Medvedev],0.246,0.09,0.08,0.422,0.001,0.001,14233.0,7131.0,1.0
alpha_player_hier[David Goffin],0.204,0.088,0.035,0.364,0.001,0.001,14181.0,6346.0,1.0
alpha_player_hier[Denis Shapovalov],0.291,0.095,0.111,0.468,0.001,0.001,15737.0,6849.0,1.0
alpha_player_hier[Dominic Thiem],0.386,0.118,0.156,0.602,0.001,0.002,16655.0,6093.0,1.0
alpha_player_hier[Ernests Gulbis],0.367,0.12,0.149,0.603,0.001,0.002,18647.0,6137.0,1.0
alpha_player_hier[Felix Auger Aliassime],0.307,0.103,0.112,0.501,0.001,0.001,17252.0,6028.0,1.0
alpha_player_hier[Fernando Verdasco],0.25,0.119,0.021,0.471,0.001,0.001,15441.0,6157.0,1.0
alpha_player_hier[Frances Tiafoe],0.268,0.107,0.067,0.469,0.001,0.001,17042.0,6199.0,1.0
alpha_player_hier[Gael Monfils],0.336,0.116,0.116,0.554,0.001,0.002,18444.0,6256.0,1.0
alpha_player_hier[Gilles Muller],0.316,0.103,0.121,0.508,0.001,0.001,14062.0,6497.0,1.0
alpha_player_hier[Gilles Simon],0.213,0.106,0.018,0.412,0.001,0.001,15099.0,6615.0,1.0
alpha_player_hier[Giovanni Mpetshi Perricard],0.253,0.121,0.008,0.465,0.001,0.001,14854.0,5860.0,1.0
alpha_player_hier[Grigor Dimitrov],0.244,0.103,0.043,0.433,0.001,0.001,16910.0,6626.0,1.0
alpha_player_hier[Guido Pella],0.313,0.1,0.123,0.504,0.001,0.001,16166.0,6323.0,1.0
alpha_player_hier[Holger Rune],0.372,0.101,0.182,0.562,0.001,0.001,17065.0,6010.0,1.0
alpha_player_hier[Hubert Hurkacz],0.317,0.09,0.152,0.489,0.001,0.001,14142.0,6307.0,1.0
alpha_player_hier[Ilya Ivashka],0.178,0.125,-0.046,0.42,0.001,0.001,13291.0,5820.0,1.0
alpha_player_hier[Jannik Sinner],0.461,0.081,0.313,0.613,0.001,0.001,12380.0,6610.0,1.0
alpha_player_hier[Jason Kubler],0.142,0.132,-0.1,0.392,0.001,0.002,11125.0,6334.0,1.0
alpha_player_hier[Jiri Lehecka],0.216,0.128,-0.031,0.451,0.001,0.002,15841.0,5707.0,1.0
alpha_player_hier[Jiri Vesely],0.313,0.105,0.119,0.516,0.001,0.001,16643.0,6879.0,1.0
alpha_player_hier[Jo Wilfried Tsonga],0.226,0.113,0.02,0.446,0.001,0.001,16931.0,5885.0,1.0
alpha_player_hier[Joao Sousa],0.189,0.128,-0.053,0.425,0.001,0.002,13427.0,6236.0,1.0
alpha_player_hier[John Isner],0.459,0.103,0.264,0.647,0.001,0.001,10346.0,6749.0,1.0
alpha_player_hier[Juan Martin Del Potro],0.313,0.098,0.133,0.501,0.001,0.001,15301.0,6421.0,1.0
alpha_player_hier[Karen Khachanov],0.123,0.098,-0.063,0.305,0.001,0.001,11344.0,5952.0,1.0
alpha_player_hier[Kei Nishikori],0.219,0.087,0.059,0.385,0.001,0.001,11508.0,6738.0,1.0
alpha_player_hier[Kevin Anderson],0.408,0.084,0.246,0.566,0.001,0.001,10886.0,6513.0,1.0
alpha_player_hier[Lorenzo Musetti],0.347,0.101,0.16,0.541,0.001,0.001,14756.0,6686.0,1.0
alpha_player_hier[Lorenzo Sonego],0.246,0.122,0.016,0.478,0.001,0.001,16574.0,5998.0,1.0
alpha_player_hier[Lucas Pouille],0.275,0.101,0.081,0.461,0.001,0.001,14406.0,6649.0,1.0
alpha_player_hier[Mackenzie Mcdonald],0.273,0.118,0.04,0.489,0.001,0.001,16834.0,6215.0,1.0
alpha_player_hier[Marin Cilic],0.334,0.09,0.162,0.499,0.001,0.001,13585.0,6321.0,1.0
alpha_player_hier[Marton Fucsovics],0.317,0.106,0.115,0.51,0.001,0.001,16767.0,6072.0,1.0
alpha_player_hier[Matteo Berrettini],0.288,0.084,0.127,0.442,0.001,0.001,15190.0,6258.0,1.0
alpha_player_hier[Mikhail Kukushkin],0.211,0.123,-0.025,0.438,0.001,0.001,15015.0,5726.0,1.0
alpha_player_hier[Milos Raonic],0.415,0.079,0.268,0.563,0.001,0.001,11821.0,6416.0,1.0
alpha_player_hier[Nick Kyrgios],0.164,0.107,-0.051,0.352,0.001,0.001,10520.0,6343.0,1.0
alpha_player_hier[Nicolas Mahut],0.291,0.123,0.066,0.53,0.001,0.002,17642.0,6089.0,1.0
alpha_player_hier[Novak Djokovic],0.447,0.058,0.335,0.551,0.0,0.001,14398.0,5796.0,1.0
alpha_player_hier[Rafael Nadal],0.488,0.07,0.359,0.624,0.001,0.001,12244.0,6151.0,1.0
alpha_player_hier[Richard Gasquet],0.32,0.141,0.048,0.58,0.001,0.002,18482.0,5910.0,1.0
alpha_player_hier[Roberto Bautista Agut],0.135,0.091,-0.04,0.299,0.001,0.001,10485.0,6791.0,1.0
alpha_player_hier[Roger Federer],0.409,0.073,0.271,0.543,0.001,0.001,14360.0,6618.0,1.0
alpha_player_hier[Roman Safiullin],0.346,0.107,0.146,0.552,0.001,0.001,17814.0,6231.0,1.0
alpha_player_hier[Sam Querrey],0.341,0.082,0.187,0.497,0.001,0.001,12638.0,6523.0,1.0
alpha_player_hier[Sebastian Korda],0.192,0.118,-0.028,0.411,0.001,0.001,12359.0,6573.0,1.0
alpha_player_hier[Stefanos Tsitsipas],0.475,0.113,0.253,0.677,0.001,0.001,14447.0,6109.0,1.0
alpha_player_hier[Steve Johnson],0.166,0.128,-0.07,0.415,0.001,0.002,11877.0,5603.0,1.0
alpha_player_hier[Taylor Fritz],0.375,0.091,0.196,0.541,0.001,0.001,14812.0,6646.0,1.0
alpha_player_hier[Tennys Sandgren],0.429,0.121,0.218,0.671,0.001,0.001,15243.0,5893.0,1.0
alpha_player_hier[Tim Van Rijthoven],0.149,0.125,-0.083,0.386,0.001,0.001,10502.0,6279.0,1.0
alpha_player_hier[Tomas Berdych],0.368,0.088,0.199,0.526,0.001,0.001,12617.0,6813.0,1.0
alpha_player_hier[Tommy Paul],0.333,0.093,0.161,0.506,0.001,0.001,18331.0,6964.0,1.0
alpha_player_hier[Ugo Humbert],0.182,0.113,-0.033,0.391,0.001,0.001,12764.0,6291.0,1.0
beta_pressure_hier[Adrian Mannarino],-0.532,0.108,-0.746,-0.334,0.001,0.002,14408.0,6041.0,1.0
beta_pressure_hier[Alex de Minaur],-0.526,0.105,-0.725,-0.325,0.001,0.001,14789.0,6754.0,1.0
beta_pressure_hier[Alexander Bublik],-0.523,0.108,-0.734,-0.325,0.001,0.002,14110.0,6663.0,1.0
beta_pressure_hier[Alexander Zverev],-0.518,0.107,-0.729,-0.323,0.001,0.002,12724.0,6551.0,1.0
beta_pressure_hier[Andrey Rublev],-0.52,0.109,-0.72,-0.312,0.001,0.002,13062.0,6627.0,1.0
beta_pressure_hier[Andy Murray],-0.523,0.108,-0.721,-0.31,0.001,0.001,13076.0,7103.0,1.0
beta_pressure_hier[Arthur Fils],-0.535,0.108,-0.743,-0.334,0.001,0.002,13139.0,6520.0,1.0
beta_pressure_hier[Ben Shelton],-0.527,0.107,-0.737,-0.333,0.001,0.002,13687.0,6654.0,1.0
beta_pressure_hier[Benoit Paire],-0.537,0.108,-0.736,-0.326,0.001,0.002,12789.0,6463.0,1.0
beta_pressure_hier[Bernard Tomic],-0.538,0.109,-0.74,-0.331,0.001,0.002,13165.0,6996.0,1.0
beta_pressure_hier[Botic Van De Zandschulp],-0.531,0.109,-0.731,-0.325,0.001,0.002,12487.0,6255.0,1.0
beta_pressure_hier[Brandon Nakashima],-0.536,0.109,-0.746,-0.33,0.001,0.002,14186.0,5961.0,1.0
beta_pressure_hier[Cameron Norrie],-0.531,0.106,-0.728,-0.321,0.001,0.002,13489.0,5877.0,1.0
beta_pressure_hier[Carlos Alcaraz],-0.513,0.104,-0.704,-0.312,0.001,0.001,12737.0,6597.0,1.0
beta_pressure_hier[Christopher Eubanks],-0.534,0.107,-0.741,-0.332,0.001,0.002,13485.0,6440.0,1.0
beta_pressure_hier[Cristian Garin],-0.536,0.108,-0.75,-0.337,0.001,0.001,13221.0,6137.0,1.0
beta_pressure_hier[Daniel Elahi Galan],-0.527,0.109,-0.729,-0.325,0.001,0.002,14311.0,6960.0,1.0
beta_pressure_hier[Daniil Medvedev],-0.52,0.107,-0.73,-0.318,0.001,0.002,14116.0,6226.0,1.0
beta_pressure_hier[David Goffin],-0.545,0.107,-0.744,-0.342,0.001,0.001,13836.0,6963.0,1.0
beta_pressure_hier[Denis Shapovalov],-0.547,0.109,-0.764,-0.348,0.001,0.002,12161.0,6552.0,1.0
beta_pressure_hier[Dominic Thiem],-0.513,0.111,-0.713,-0.287,0.001,0.002,13396.0,6202.0,1.0
beta_pressure_hier[Ernests Gulbis],-0.534,0.108,-0.741,-0.33,0.001,0.002,14049.0,6468.0,1.0
beta_pressure_hier[Felix Auger Aliassime],-0.512,0.109,-0.715,-0.306,0.001,0.002,13033.0,6752.0,1.0
beta_pressure_hier[Fernando Verdasco],-0.533,0.109,-0.734,-0.319,0.001,0.002,14633.0,6212.0,1.0
beta_pressure_hier[Frances Tiafoe],-0.528,0.107,-0.729,-0.326,0.001,0.002,13231.0,6468.0,1.0
beta_pressure_hier[Gael Monfils],-0.527,0.109,-0.732,-0.318,0.001,0.002,13420.0,6222.0,1.0
beta_pressure_hier[Gilles Muller],-0.534,0.107,-0.739,-0.33,0.001,0.001,12973.0,6332.0,1.0
beta_pressure_hier[Gilles Simon],-0.526,0.109,-0.733,-0.321,0.001,0.002,13165.0,6753.0,1.0
beta_pressure_hier[Giovanni Mpetshi Perricard],-0.54,0.11,-0.757,-0.345,0.001,0.002,13606.0,6536.0,1.0
beta_pressure_hier[Grigor Dimitrov],-0.538,0.107,-0.732,-0.33,0.001,0.002,14552.0,6545.0,1.0
beta_pressure_hier[Guido Pella],-0.526,0.107,-0.721,-0.32,0.001,0.001,13331.0,7153.0,1.0
beta_pressure_hier[Holger Rune],-0.531,0.105,-0.731,-0.333,0.001,0.001,13342.0,6478.0,1.0
beta_pressure_hier[Hubert Hurkacz],-0.532,0.105,-0.719,-0.322,0.001,0.001,15277.0,6829.0,1.0
beta_pressure_hier[Ilya Ivashka],-0.539,0.109,-0.74,-0.326,0.001,0.002,13230.0,6440.0,1.0
beta_pressure_hier[Jannik Sinner],-0.515,0.107,-0.701,-0.297,0.001,0.002,14841.0,6694.0,1.0
beta_pressure_hier[Jason Kubler],-0.537,0.108,-0.742,-0.335,0.001,0.001,13729.0,6274.0,1.0
beta_pressure_hier[Jiri Lehecka],-0.529,0.107,-0.733,-0.324,0.001,0.002,13305.0,6276.0,1.0
beta_pressure_hier[Jiri Vesely],-0.528,0.109,-0.731,-0.316,0.001,0.002,13863.0,6373.0,1.0
beta_pressure_hier[Jo Wilfried Tsonga],-0.533,0.106,-0.731,-0.328,0.001,0.002,13428.0,6796.0,1.0
beta_pressure_hier[Joao Sousa],-0.537,0.111,-0.762,-0.334,0.001,0.002,13613.0,6000.0,1.0
beta_pressure_hier[John Isner],-0.53,0.109,-0.744,-0.321,0.001,0.001,14616.0,6451.0,1.0
beta_pressure_hier[Juan Martin Del Potro],-0.524,0.105,-0.736,-0.336,0.001,0.002,13433.0,6567.0,1.0
beta_pressure_hier[Karen Khachanov],-0.548,0.109,-0.752,-0.337,0.001,0.002,12767.0,6368.0,1.0
beta_pressure_hier[Kei Nishikori],-0.517,0.108,-0.714,-0.303,0.001,0.002,12798.0,6224.0,1.0
beta_pressure_hier[Kevin Anderson],-0.537,0.104,-0.748,-0.352,0.001,0.002,13758.0,6148.0,1.0
beta_pressure_hier[Lorenzo Musetti],-0.526,0.107,-0.723,-0.325,0.001,0.002,14162.0,6734.0,1.0
beta_pressure_hier[Lorenzo Sonego],-0.532,0.109,-0.735,-0.322,0.001,0.002,13413.0,6938.0,1.0
beta_pressure_hier[Lucas Pouille],-0.532,0.107,-0.736,-0.33,0.001,0.001,14364.0,6979.0,1.0
beta_pressure_hier[Mackenzie Mcdonald],-0.529,0.105,-0.743,-0.34,0.001,0.002,13566.0,6847.0,1.0
beta_pressure_hier[Marin Cilic],-0.535,0.103,-0.736,-0.344,0.001,0.001,13630.0,6990.0,1.0
beta_pressure_hier[Marton Fucsovics],-0.52,0.109,-0.725,-0.316,0.001,0.002,12996.0,6702.0,1.0
beta_pressure_hier[Matteo Berrettini],-0.541,0.104,-0.737,-0.336,0.001,0.001,13691.0,6899.0,1.0
beta_pressure_hier[Mikhail Kukushkin],-0.536,0.11,-0.743,-0.322,0.001,0.002,14023.0,6613.0,1.0
beta_pressure_hier[Milos Raonic],-0.527,0.102,-0.719,-0.329,0.001,0.001,13458.0,6363.0,1.0
beta_pressure_hier[Nick Kyrgios],-0.532,0.103,-0.716,-0.332,0.001,0.001,13832.0,6750.0,1.0
beta_pressure_hier[Nicolas Mahut],-0.533,0.108,-0.742,-0.334,0.001,0.002,12572.0,6409.0,1.0
beta_pressure_hier[Novak Djokovic],-0.541,0.097,-0.733,-0.369,0.001,0.001,13955.0,7027.0,1.0
beta_pressure_hier[Rafael Nadal],-0.538,0.102,-0.731,-0.345,0.001,0.001,13545.0,6210.0,1.0
beta_pressure_hier[Richard Gasquet],-0.528,0.112,-0.742,-0.327,0.001,0.002,12725.0,6069.0,1.0
beta_pressure_hier[Roberto Bautista Agut],-0.528,0.107,-0.728,-0.316,0.001,0.002,13675.0,6203.0,1.0
beta_pressure_hier[Roger Federer],-0.535,0.102,-0.728,-0.337,0.001,0.001,14471.0,6324.0,1.0
beta_pressure_hier[Roman Safiullin],-0.526,0.107,-0.716,-0.312,0.001,0.002,14402.0,6381.0,1.0
beta_pressure_hier[Sam Querrey],-0.533,0.104,-0.718,-0.324,0.001,0.001,13544.0,6036.0,1.0
beta_pressure_hier[Sebastian Korda],-0.544,0.109,-0.74,-0.336,0.001,0.002,13006.0,6337.0,1.0
beta_pressure_hier[Stefanos Tsitsipas],-0.526,0.107,-0.724,-0.315,0.001,0.002,13134.0,6484.0,1.0
beta_pressure_hier[Steve Johnson],-0.537,0.107,-0.751,-0.345,0.001,0.002,12938.0,6295.0,1.0
beta_pressure_hier[Taylor Fritz],-0.52,0.106,-0.713,-0.309,0.001,0.001,13047.0,6730.0,1.0
beta_pressure_hier[Tennys Sandgren],-0.532,0.108,-0.752,-0.342,0.001,0.002,13457.0,6020.0,1.0
beta_pressure_hier[Tim Van Rijthoven],-0.538,0.108,-0.74,-0.328,0.001,0.002,12799.0,6411.0,1.0
beta_pressure_hier[Tomas Berdych],-0.528,0.103,-0.724,-0.337,0.001,0.001,14969.0,6898.0,1.0
beta_pressure_hier[Tommy Paul],-0.521,0.107,-0.726,-0.318,0.001,0.002,13979.0,6356.0,1.0
beta_pressure_hier[Ugo Humbert],-0.546,0.11,-0.754,-0.342,0.001,0.002,12188.0,6857.0,1.0
beta_aggr_hier[Adrian Mannarino],0.529,0.163,0.224,0.835,0.002,0.002,8357.0,5802.0,1.0
beta_aggr_hier[Alex de Minaur],0.843,0.142,0.571,1.102,0.001,0.002,16116.0,6739.0,1.0
beta_aggr_hier[Alexander Bublik],0.855,0.149,0.569,1.134,0.001,0.002,18074.0,6028.0,1.0
beta_aggr_hier[Alexander Zverev],0.897,0.126,0.664,1.141,0.001,0.001,13822.0,6660.0,1.0
beta_aggr_hier[Andrey Rublev],0.807,0.128,0.56,1.042,0.001,0.001,16228.0,6197.0,1.0
beta_aggr_hier[Andy Murray],0.829,0.112,0.623,1.051,0.001,0.001,13885.0,7030.0,1.0
beta_aggr_hier[Arthur Fils],0.649,0.159,0.341,0.942,0.001,0.002,11708.0,5847.0,1.0
beta_aggr_hier[Ben Shelton],0.782,0.163,0.483,1.097,0.001,0.002,19675.0,5585.0,1.0
beta_aggr_hier[Benoit Paire],0.691,0.14,0.429,0.956,0.001,0.002,12717.0,6479.0,1.0
beta_aggr_hier[Bernard Tomic],0.779,0.138,0.513,1.033,0.001,0.002,15865.0,5951.0,1.0
beta_aggr_hier[Botic Van De Zandschulp],0.801,0.159,0.501,1.103,0.001,0.002,19859.0,6039.0,1.0
beta_aggr_hier[Brandon Nakashima],0.722,0.145,0.436,0.982,0.001,0.002,14918.0,6256.0,1.0
beta_aggr_hier[Cameron Norrie],0.756,0.128,0.516,1.0,0.001,0.001,15789.0,6914.0,1.0
beta_aggr_hier[Carlos Alcaraz],0.57,0.109,0.357,0.767,0.001,0.001,11935.0,6085.0,1.0
beta_aggr_hier[Christopher Eubanks],0.725,0.131,0.484,0.978,0.001,0.001,14672.0,6529.0,1.0
beta_aggr_hier[Cristian Garin],0.723,0.131,0.474,0.962,0.001,0.001,16883.0,6849.0,1.0
beta_aggr_hier[Daniel Elahi Galan],0.838,0.157,0.562,1.155,0.001,0.002,17336.0,6272.0,1.0
beta_aggr_hier[Daniil Medvedev],0.872,0.112,0.653,1.073,0.001,0.001,12760.0,6432.0,1.0
beta_aggr_hier[David Goffin],0.779,0.11,0.576,0.987,0.001,0.001,12478.0,6985.0,1.0
beta_aggr_hier[Denis Shapovalov],0.871,0.124,0.627,1.094,0.001,0.001,13072.0,6096.0,1.0
beta_aggr_hier[Dominic Thiem],0.872,0.154,0.6,1.188,0.001,0.002,16984.0,5927.0,1.0
beta_aggr_hier[Ernests Gulbis],0.749,0.15,0.463,1.022,0.001,0.002,16740.0,6315.0,1.0
beta_aggr_hier[Felix Auger Aliassime],0.807,0.138,0.535,1.062,0.001,0.002,16005.0,6589.0,1.0
beta_aggr_hier[Fernando Verdasco],0.703,0.147,0.423,0.979,0.001,0.002,14865.0,6083.0,1.0
beta_aggr_hier[Frances Tiafoe],0.751,0.144,0.489,1.031,0.001,0.002,17077.0,6096.0,1.0
beta_aggr_hier[Gael Monfils],0.857,0.153,0.568,1.146,0.001,0.002,18050.0,6245.0,1.0
beta_aggr_hier[Gilles Muller],0.852,0.125,0.622,1.092,0.001,0.001,13160.0,6527.0,1.0
beta_aggr_hier[Gilles Simon],0.86,0.142,0.593,1.126,0.001,0.002,17152.0,5781.0,1.0
beta_aggr_hier[Giovanni Mpetshi Perricard],0.799,0.15,0.518,1.085,0.001,0.002,16503.0,6437.0,1.0
beta_aggr_hier[Grigor Dimitrov],0.757,0.137,0.492,1.01,0.001,0.002,17086.0,6569.0,1.0
beta_aggr_hier[Guido Pella],0.655,0.133,0.388,0.888,0.001,0.002,12923.0,6340.0,1.0
beta_aggr_hier[Holger Rune],0.763,0.135,0.509,1.016,0.001,0.002,17149.0,5975.0,1.0
beta_aggr_hier[Hubert Hurkacz],0.876,0.12,0.65,1.105,0.001,0.001,13506.0,6525.0,1.0
beta_aggr_hier[Ilya Ivashka],0.704,0.163,0.404,1.022,0.001,0.002,14088.0,5646.0,1.0
beta_aggr_hier[Jannik Sinner],0.949,0.115,0.739,1.166,0.001,0.001,10626.0,7006.0,1.0
beta_aggr_hier[Jason Kubler],0.733,0.152,0.432,0.997,0.001,0.002,15667.0,6332.0,1.0
beta_aggr_hier[Jiri Lehecka],0.747,0.161,0.451,1.059,0.001,0.002,18340.0,5962.0,1.0
beta_aggr_hier[Jiri Vesely],0.709,0.138,0.443,0.96,0.001,0.002,14738.0,6309.0,1.0
beta_aggr_hier[Jo Wilfried Tsonga],0.751,0.144,0.475,1.021,0.001,0.002,19051.0,6193.0,1.0
beta_aggr_hier[Joao Sousa],0.693,0.162,0.379,0.992,0.001,0.002,15145.0,6039.0,1.0
beta_aggr_hier[John Isner],1.07,0.141,0.811,1.339,0.002,0.001,7827.0,6726.0,1.0
beta_aggr_hier[Juan Martin Del Potro],0.761,0.129,0.519,1.001,0.001,0.002,16832.0,6318.0,1.0
beta_aggr_hier[Karen Khachanov],0.813,0.124,0.583,1.049,0.001,0.001,14942.0,6723.0,1.0
beta_aggr_hier[Kei Nishikori],0.625,0.122,0.404,0.861,0.001,0.001,9385.0,5992.0,1.0
beta_aggr_hier[Kevin Anderson],0.991,0.112,0.795,1.213,0.001,0.001,9731.0,6470.0,1.0
beta_aggr_hier[Lorenzo Musetti],0.662,0.13,0.411,0.899,0.001,0.001,12366.0,6159.0,1.0
beta_aggr_hier[Lorenzo Sonego],0.7,0.165,0.381,0.994,0.001,0.002,14170.0,5804.0,1.0
beta_aggr_hier[Lucas Pouille],0.733,0.133,0.475,0.98,0.001,0.002,16457.0,6373.0,1.0
beta_aggr_hier[Mackenzie Mcdonald],0.65,0.154,0.356,0.929,0.001,0.002,12616.0,6277.0,1.0
beta_aggr_hier[Marin Cilic],0.935,0.115,0.727,1.167,0.001,0.001,10543.0,6106.0,1.0
beta_aggr_hier[Marton Fucsovics],0.764,0.146,0.487,1.03,0.001,0.002,18045.0,6102.0,1.0
beta_aggr_hier[Matteo Berrettini],0.859,0.114,0.657,1.084,0.001,0.001,14834.0,6889.0,1.0
beta_aggr_hier[Mikhail Kukushkin],0.662,0.154,0.367,0.944,0.001,0.002,12488.0,6216.0,1.0
beta_aggr_hier[Milos Raonic],0.861,0.097,0.685,1.045,0.001,0.001,11638.0,6579.0,1.0
beta_aggr_hier[Nick Kyrgios],0.825,0.121,0.591,1.043,0.001,0.001,12422.0,6249.0,1.0
beta_aggr_hier[Nicolas Mahut],0.703,0.154,0.413,0.997,0.001,0.002,16360.0,5603.0,1.0
beta_aggr_hier[Novak Djokovic],0.73,0.074,0.589,0.867,0.001,0.001,14676.0,7014.0,1.0
beta_aggr_hier[Rafael Nadal],0.749,0.1,0.575,0.946,0.001,0.001,14762.0,6414.0,1.0
beta_aggr_hier[Richard Gasquet],0.777,0.177,0.418,1.085,0.001,0.003,18223.0,5622.0,1.0
beta_aggr_hier[Roberto Bautista Agut],0.686,0.118,0.47,0.912,0.001,0.001,12458.0,6368.0,1.0
beta_aggr_hier[Roger Federer],0.937,0.092,0.767,1.113,0.001,0.001,12704.0,6477.0,1.0
beta_aggr_hier[Roman Safiullin],0.672,0.144,0.412,0.944,0.001,0.002,14160.0,6579.0,1.0
beta_aggr_hier[Sam Querrey],0.903,0.105,0.698,1.092,0.001,0.001,12720.0,6398.0,1.0
beta_aggr_hier[Sebastian Korda],0.683,0.149,0.38,0.944,0.001,0.002,12942.0,6198.0,1.0
beta_aggr_hier[Stefanos Tsitsipas],0.743,0.137,0.484,0.994,0.001,0.002,15416.0,6546.0,1.0
beta_aggr_hier[Steve Johnson],0.654,0.161,0.338,0.946,0.001,0.002,12250.0,6098.0,1.0
beta_aggr_hier[Taylor Fritz],0.761,0.121,0.528,0.979,0.001,0.001,15748.0,7006.0,1.0
beta_aggr_hier[Tennys Sandgren],0.726,0.149,0.439,1.005,0.001,0.002,18053.0,6441.0,1.0
beta_aggr_hier[Tim Van Rijthoven],0.631,0.154,0.342,0.912,0.001,0.002,11873.0,6106.0,1.0
beta_aggr_hier[Tomas Berdych],1.029,0.127,0.795,1.269,0.001,0.001,9351.0,6538.0,1.0
beta_aggr_hier[Tommy Paul],0.651,0.142,0.386,0.916,0.001,0.002,13362.0,6401.0,1.0
beta_aggr_hier[Ugo Humbert],0.686,0.146,0.421,0.967,0.001,0.002,15561.0,6311.0,1.0
